id,age,sex,eye_color,t1_esteem1,t1_esteem2,t1_esteem3,t1_esteem4,t1_esteem5_rev15,t1_jobsat1,t1_jobsat2_rev15,t1_jobsat3,t1_jobsat4,t1_jobsat5,t2_esteem1,t2_esteem2,t2_esteem3,t2_esteem4,t2_esteem5_rev15,t2_jobsat1,t2_jobsat2_rev15,t2_jobsat3,t2_jobsat4,t2_jobsat5
1,23,male,blue,3,2,4,3,2,3,1,3,NA,5,4,3,5,4,3,4,2,4,3,6
2,22,female,brown,4,3,4,4,2,5,1,NA,5,NA,5,4,5,5,3,6,2,3,6,3
3,18,male,hazel,4,3,4,4,2,4,1,3,5,5,5,4,5,5,3,5,2,4,6,6
4,23,female,blue,3,2,3,3,2,3,NA,3,4,4,4,3,4,4,3,4,3,4,5,5
5,22,male,NA,3,2,4,4,2,3,1,3,4,5,NA,3,5,5,3,4,2,4,5,NA
6,17,female,hazel,3,3,4,4,NA,3,1,3,4,4,4,4,5,5,3,4,2,4,5,5
7,23,male,blue,3,2,NA,4,NA,3,2,3,4,4,4,3,3,5,3,4,3,4,5,5
8,22,female,brown,4,3,4,4,2,5,1,3,5,5,5,4,5,5,3,6,2,4,6,6
9,17,male,hazel,4,3,4,3,2,3,2,3,NA,5,5,4,5,4,3,4,3,4,3,6
10,NA,female,blue,4,3,3,4,2,3,2,3,4,5,5,4,4,5,3,NA,3,4,5,6
11,20,male,brown,3,2,4,NA,3,3,3,3,NA,4,4,3,5,3,4,4,4,4,3,5
12,17,female,hazel,4,2,4,4,2,4,1,3,5,NA,5,3,NA,5,3,5,2,4,6,3
13,24,male,blue,NA,NA,4,3,2,4,3,3,4,4,3,3,5,4,3,5,4,4,5,5
14,17,female,brown,NA,3,NA,3,3,3,2,2,4,5,3,4,3,4,4,4,3,3,5,6
15,NA,male,hazel,3,2,4,4,3,3,1,3,4,4,4,3,5,5,4,4,2,4,5,5
16,19,female,NA,3,2,NA,NA,NA,4,1,3,5,4,4,3,3,3,3,5,2,4,6,5
17,21,NA,brown,3,2,NA,3,3,3,2,2,4,4,4,3,3,4,4,4,3,3,5,5
18,21,female,hazel,3,2,3,3,3,3,3,2,3,4,4,3,4,4,4,4,4,3,4,5
19,19,male,blue,3,3,4,4,NA,3,1,3,4,5,4,4,5,5,3,4,2,4,5,6
20,19,female,brown,NA,2,4,3,2,3,2,3,4,4,3,3,5,4,3,4,3,4,5,5
21,22,male,hazel,5,3,4,4,2,4,NA,3,5,5,6,4,5,5,3,5,3,4,6,6
22,NA,female,blue,NA,2,4,4,3,3,3,NA,3,4,3,3,5,5,4,4,4,3,NA,5
23,20,male,brown,3,2,NA,4,3,3,1,NA,5,NA,4,3,3,5,4,4,2,3,6,3
24,18,female,hazel,3,3,4,4,2,4,1,3,4,5,4,4,5,5,3,5,2,4,5,6
25,20,male,blue,3,3,4,3,2,3,1,3,5,5,4,4,5,4,3,4,2,4,6,6
26,22,female,NA,3,3,4,4,2,4,1,3,5,5,4,4,5,5,3,5,2,4,6,6
27,20,male,hazel,3,2,4,3,2,3,1,3,NA,4,4,3,5,4,3,4,2,4,3,5
28,20,female,blue,3,2,4,4,2,NA,1,3,4,4,4,3,5,5,3,3,2,4,5,5
29,19,male,brown,3,3,4,3,2,3,1,3,4,5,4,4,5,4,3,4,2,4,5,6
30,22,female,hazel,3,2,4,4,2,NA,1,2,3,NA,4,3,5,5,3,3,2,3,4,3
31,21,NA,blue,3,2,4,4,2,NA,1,3,5,4,4,3,5,5,3,3,2,4,6,5
32,24,female,brown,3,2,4,4,2,3,1,3,4,4,4,3,5,5,3,4,2,4,5,5
33,20,male,hazel,4,3,4,3,2,NA,1,3,NA,5,5,4,5,4,3,3,2,4,3,6
34,18,female,blue,3,3,4,NA,2,3,1,3,5,5,4,4,5,3,3,4,2,4,6,6
35,19,male,brown,4,3,5,4,1,5,1,3,5,5,5,4,6,5,2,6,2,4,6,6
36,22,female,hazel,NA,3,5,4,1,4,1,3,5,5,3,4,6,5,2,5,2,4,6,6
37,19,male,blue,4,2,4,4,2,4,1,3,4,4,5,3,5,5,3,5,2,4,5,5
38,18,female,brown,3,3,4,3,NA,3,2,3,5,5,4,4,5,4,3,4,3,4,6,6
39,23,male,hazel,3,3,4,3,2,3,1,3,5,5,4,4,5,4,3,4,2,4,6,6
40,19,female,blue,3,2,4,4,2,3,1,3,4,5,4,3,5,5,3,4,2,4,5,6
41,17,male,brown,4,2,4,4,3,3,2,3,4,5,5,3,5,5,4,4,3,4,5,6
42,20,female,hazel,4,3,4,4,2,3,2,3,4,5,5,4,5,NA,3,4,3,4,5,6
43,19,male,blue,3,3,4,3,NA,3,2,3,4,NA,4,4,5,4,3,4,3,4,5,3
44,18,female,brown,3,2,4,3,2,3,2,3,4,4,4,3,5,4,3,4,3,4,5,5
45,19,male,hazel,3,3,4,4,2,3,2,NA,5,5,4,4,5,5,3,4,3,3,6,6
46,20,female,blue,3,3,4,4,2,3,2,3,4,5,4,4,5,5,3,4,3,4,5,6
47,22,male,brown,NA,3,4,4,NA,4,1,3,5,5,3,4,5,5,3,5,2,4,6,6
48,20,female,hazel,4,3,4,4,2,4,1,3,4,3,5,4,5,5,3,5,2,4,5,4
49,18,male,blue,3,2,4,4,2,3,2,3,4,4,4,3,5,5,3,4,3,NA,5,5
50,21,female,brown,NA,2,4,NA,2,4,2,3,4,5,3,3,5,3,3,5,3,4,5,6
51,21,male,hazel,4,2,4,4,2,NA,1,3,5,5,5,3,5,5,3,3,2,4,6,6
52,24,female,blue,5,2,NA,4,2,3,1,3,5,5,6,3,3,5,3,4,2,4,6,6
53,22,male,brown,3,2,3,3,3,3,2,3,4,4,4,3,4,4,4,4,3,4,5,5
54,24,intersex,hazel,3,NA,4,4,1,4,NA,3,5,5,4,NA,5,5,2,5,3,4,6,6
55,19,male,blue,3,NA,4,3,2,4,1,3,4,5,4,3,5,4,3,5,2,4,5,6
56,21,female,brown,4,3,4,4,2,4,1,3,5,5,5,4,5,5,3,5,2,4,6,6
57,19,male,hazel,4,3,4,4,2,4,1,3,5,4,5,4,5,5,3,5,2,4,6,5
58,23,female,blue,4,2,4,3,2,3,1,3,4,5,5,3,5,4,3,4,2,4,5,6
59,18,male,brown,3,2,3,3,3,3,3,2,4,3,4,3,4,4,4,4,4,3,5,4
60,19,female,hazel,3,2,3,3,2,3,3,3,4,NA,4,3,4,4,3,4,4,4,5,3
61,20,male,blue,3,3,4,3,2,3,2,3,4,4,4,4,5,4,3,4,3,4,5,5
62,20,female,brown,3,2,4,4,3,4,2,2,3,4,4,3,5,5,4,5,3,3,4,5
63,22,male,hazel,NA,2,NA,3,2,3,2,3,3,4,3,3,3,4,3,4,3,4,4,5
64,20,female,blue,3,2,4,3,2,3,2,3,4,5,4,3,5,4,3,4,3,4,5,6
65,18,male,brown,3,2,4,3,2,3,NA,3,4,5,4,3,5,4,3,4,3,4,5,6
66,22,female,hazel,3,2,4,3,2,3,2,NA,5,5,4,3,5,4,3,4,3,3,6,6
67,18,male,blue,4,2,4,4,2,3,1,3,5,5,5,3,5,5,3,4,2,4,6,6
68,24,female,brown,4,3,4,4,2,4,1,3,5,5,5,4,5,5,3,5,2,4,6,6
69,22,male,hazel,3,2,4,4,2,3,NA,3,4,5,4,3,5,5,3,4,3,4,5,6
70,18,female,blue,3,2,4,3,3,3,2,3,4,5,4,3,5,4,4,4,3,4,5,6
71,21,male,brown,3,NA,5,4,2,3,1,3,5,5,4,3,6,5,3,4,2,4,6,6
72,19,female,hazel,3,NA,4,3,3,3,1,3,4,5,4,3,5,4,4,4,2,4,5,6
73,18,male,blue,3,2,4,3,3,3,2,3,4,5,4,3,5,4,4,4,3,4,5,6
74,21,female,brown,3,3,4,3,2,3,2,3,4,4,4,4,5,4,NA,4,3,4,5,5
75,23,male,hazel,4,2,4,4,2,3,2,3,NA,5,5,3,5,5,3,4,3,4,3,6
76,24,female,blue,3,2,3,4,2,4,2,3,4,4,4,3,4,5,3,5,3,4,5,5
77,18,male,brown,3,NA,4,4,3,3,1,3,4,3,4,3,5,5,4,4,2,4,5,4
78,20,female,hazel,4,3,NA,4,2,4,1,3,NA,5,5,4,NA,5,3,5,2,4,3,6
79,20,male,blue,3,2,4,3,2,3,2,3,5,5,4,3,5,4,3,4,3,4,6,6
80,20,female,brown,3,2,4,4,2,3,2,3,NA,5,4,3,5,5,3,4,3,4,3,6
81,20,intersex,hazel,3,NA,NA,3,2,NA,1,3,5,5,4,3,3,4,3,3,2,4,6,6
82,22,female,blue,3,3,3,4,3,3,2,3,4,5,4,4,4,5,4,4,3,4,5,6
83,19,male,brown,3,2,4,3,2,4,2,3,5,5,4,3,5,4,3,5,3,4,6,6
84,20,female,hazel,4,2,4,NA,NA,NA,2,3,5,5,5,3,5,3,3,3,3,4,6,6
85,20,male,blue,3,3,4,4,2,4,1,3,5,5,4,4,5,5,3,5,2,NA,6,6
86,22,female,brown,3,3,4,4,NA,NA,1,3,5,5,4,4,5,5,3,3,2,4,6,6
87,17,male,hazel,4,3,NA,4,1,4,1,3,5,4,5,4,3,5,2,5,2,4,6,5
88,20,female,blue,3,2,3,3,3,3,NA,2,3,4,4,3,4,4,4,4,3,3,4,5
89,22,male,brown,3,3,4,4,3,3,2,3,3,4,4,4,5,5,4,4,3,4,4,5
90,19,female,hazel,3,NA,4,4,2,4,1,3,NA,5,4,3,5,5,3,5,2,4,3,6
91,19,male,blue,3,2,4,3,2,3,2,3,5,4,4,3,5,4,3,4,3,4,6,5
92,21,female,brown,4,2,4,4,2,3,2,3,4,4,5,NA,5,5,3,4,3,4,5,5
93,19,male,hazel,4,3,4,3,2,3,1,3,5,5,NA,4,5,4,3,4,2,4,6,6
94,23,female,blue,4,3,4,3,2,4,NA,3,5,5,5,4,5,4,3,5,3,4,6,6
95,21,male,brown,3,3,4,4,NA,4,1,3,5,NA,4,4,5,5,3,5,2,4,6,3
96,23,female,hazel,3,3,NA,NA,NA,4,1,NA,NA,5,4,4,3,3,3,5,2,3,3,6
97,20,male,blue,4,2,NA,4,2,4,2,3,NA,5,5,3,3,5,3,5,3,4,3,6
98,21,female,brown,NA,3,NA,4,1,4,1,3,NA,5,3,4,3,5,2,5,2,4,3,6
99,22,male,hazel,4,3,5,4,2,4,1,NA,NA,5,5,4,6,5,3,5,2,3,3,6
100,20,female,blue,NA,3,4,4,2,3,1,3,5,5,3,4,5,5,3,4,2,4,6,6
101,18,male,brown,4,3,4,4,2,4,1,3,5,5,5,4,5,5,3,5,2,4,6,6
102,21,female,hazel,3,2,4,3,2,NA,2,2,3,NA,4,3,5,4,3,3,3,3,4,3
103,24,male,blue,3,2,4,3,2,3,2,2,5,5,4,3,5,4,3,4,3,3,6,6
104,24,female,brown,3,2,NA,3,3,3,1,3,3,4,4,3,3,4,4,4,2,4,4,5
105,22,male,hazel,4,3,NA,4,2,4,1,3,5,5,5,4,3,5,3,5,2,4,6,6
106,20,female,blue,NA,3,4,4,2,4,NA,3,5,5,3,4,5,5,3,5,3,4,6,6
107,24,male,brown,3,2,4,3,NA,3,1,3,5,NA,4,3,5,4,3,4,2,4,6,3
108,17,female,hazel,3,2,4,3,2,3,3,3,5,4,4,3,5,4,3,4,4,4,6,5
109,17,male,blue,NA,2,4,4,2,4,1,3,5,NA,3,3,5,5,3,5,2,4,6,3
110,24,female,brown,3,NA,4,3,2,3,1,3,5,NA,4,3,5,4,3,4,2,4,6,3
111,24,male,hazel,4,2,4,4,2,NA,2,NA,5,5,5,3,5,5,3,3,3,3,6,6
112,20,female,blue,5,3,4,3,2,3,1,3,5,5,6,4,5,4,3,4,2,4,6,6
113,21,male,brown,3,2,NA,4,2,3,2,2,3,NA,4,3,3,5,3,4,3,3,4,3
114,21,female,hazel,4,2,4,4,2,NA,1,3,4,5,5,3,5,5,3,3,2,4,5,6
115,21,male,blue,3,2,4,NA,2,NA,2,3,NA,5,4,3,5,3,3,3,3,4,3,6
116,22,female,brown,4,3,4,3,1,4,1,3,5,5,5,4,5,4,2,5,2,4,6,6
117,20,male,hazel,4,2,4,4,2,3,1,3,5,5,5,3,5,5,3,4,2,4,6,6
118,21,female,blue,3,2,4,4,NA,3,NA,3,3,5,4,3,5,5,3,4,3,4,4,6
119,20,male,brown,NA,2,3,3,2,4,2,3,4,5,3,3,4,4,3,5,3,4,5,6
120,20,female,hazel,4,3,4,4,NA,4,1,3,5,5,5,4,5,5,3,5,2,4,6,6
121,18,male,blue,4,2,4,4,2,NA,2,3,5,5,5,3,5,5,3,3,3,4,6,6
122,19,female,brown,3,2,4,3,3,3,2,2,4,3,4,3,5,4,4,4,3,3,5,4
123,22,male,hazel,3,2,4,3,2,3,2,3,5,4,4,3,5,4,3,4,3,4,6,5
124,23,female,blue,3,2,4,3,2,3,2,3,NA,3,4,3,5,4,3,4,3,4,3,4
125,20,male,brown,3,2,4,3,3,3,2,2,5,3,4,3,5,4,4,4,3,3,6,4
126,21,female,hazel,3,3,4,3,2,4,1,3,4,5,4,4,5,4,3,5,2,4,5,6
127,19,male,blue,3,2,4,4,2,3,2,2,3,4,NA,3,5,5,NA,4,3,NA,4,5
128,20,female,brown,NA,2,4,3,2,5,1,3,5,5,3,3,5,4,3,6,2,4,6,6
129,19,male,hazel,3,2,3,3,3,3,3,2,3,4,4,3,4,4,4,4,4,3,4,5
130,18,female,blue,4,3,NA,4,2,3,NA,3,5,4,5,4,3,5,3,4,3,4,6,5
131,22,male,brown,4,3,4,4,2,3,1,3,5,5,5,4,5,5,3,4,2,4,6,6
132,23,female,hazel,3,2,3,3,3,3,3,2,3,3,4,3,NA,4,4,4,NA,3,4,4
133,19,male,blue,3,2,4,4,2,4,1,3,4,5,4,3,5,5,3,5,2,4,5,6
134,17,female,brown,3,2,NA,3,2,3,2,2,3,5,4,3,3,4,3,4,3,3,4,6
135,17,male,hazel,4,2,4,4,3,4,2,3,3,4,5,3,5,5,4,5,3,4,4,5
136,22,female,blue,3,2,3,3,3,3,3,2,3,NA,4,3,4,4,4,4,4,3,4,3
137,24,male,brown,NA,2,4,NA,2,3,2,3,5,4,3,3,5,3,3,4,3,4,6,5
138,21,female,hazel,3,2,4,4,3,3,2,3,4,4,4,3,5,5,4,4,3,4,5,5
139,22,male,blue,4,3,4,4,2,4,1,3,5,4,5,4,5,5,3,5,2,4,6,5
140,19,female,brown,3,NA,4,3,2,3,2,3,3,5,4,3,5,4,3,4,3,4,4,6
141,24,male,hazel,4,2,4,3,3,3,1,3,4,5,5,3,5,4,4,4,2,4,5,6
142,22,female,blue,3,3,5,4,2,4,1,3,4,5,4,4,6,5,3,5,2,4,5,6
143,17,male,brown,4,2,3,NA,2,3,2,2,4,4,NA,3,4,3,NA,4,3,3,5,NA
144,24,female,hazel,3,NA,3,NA,NA,3,NA,3,4,5,4,3,4,3,3,4,3,4,5,6
145,19,male,blue,4,3,4,4,1,4,1,3,5,5,5,4,5,5,2,5,2,4,6,6
146,21,female,brown,3,2,3,3,2,NA,2,2,4,4,4,3,4,4,3,3,3,3,5,5
147,22,male,hazel,4,3,NA,4,2,3,1,NA,4,5,5,4,3,5,3,4,2,3,5,6
148,20,female,blue,3,2,3,3,3,3,2,2,3,4,4,3,4,4,4,4,3,3,4,5
149,20,male,brown,3,2,4,3,2,3,2,2,3,5,4,3,5,4,3,4,3,3,4,6
150,19,female,hazel,4,3,4,4,2,3,1,3,5,5,5,4,5,5,3,4,2,4,6,6
151,22,male,blue,3,2,4,4,2,3,1,2,3,5,4,3,5,5,3,4,2,3,4,6
152,23,female,brown,4,2,4,3,2,3,2,3,5,NA,5,NA,5,4,3,4,NA,4,6,3
153,20,male,hazel,3,2,4,3,2,4,1,3,NA,5,4,3,5,4,3,5,2,4,3,6
154,20,female,blue,3,2,5,3,NA,3,1,3,4,5,4,3,6,4,3,4,2,4,5,6
155,19,male,brown,3,2,3,3,3,3,3,2,NA,3,4,3,4,4,4,4,4,3,3,4
156,23,female,hazel,3,2,3,3,3,3,2,2,4,5,4,3,4,4,4,4,3,3,5,6
157,18,male,blue,4,2,4,4,2,3,2,3,5,4,5,3,5,5,3,4,3,4,6,5
158,19,female,brown,3,3,NA,4,2,4,2,3,5,5,4,4,3,5,3,5,3,4,6,6
159,18,male,hazel,3,2,4,4,NA,3,1,3,NA,5,4,3,5,5,3,4,2,4,3,6
160,18,female,blue,3,3,NA,NA,2,3,1,3,5,5,4,4,3,3,3,4,2,4,6,6
161,22,male,brown,4,3,4,4,NA,4,1,3,5,5,5,4,5,5,3,5,2,4,6,6
162,23,female,hazel,3,2,4,3,2,3,NA,3,3,5,4,NA,5,4,3,4,NA,4,4,6
163,20,male,blue,4,3,NA,3,NA,3,2,3,5,5,5,4,3,4,3,4,3,4,6,6
164,23,female,brown,4,3,4,4,2,4,1,3,5,5,5,4,5,5,3,5,2,4,6,6
165,22,male,hazel,4,2,4,3,2,4,1,3,4,5,5,3,5,4,3,5,2,4,5,6
166,20,female,blue,NA,2,4,4,2,4,1,3,5,5,3,3,5,5,3,5,2,4,6,6
167,19,male,brown,3,2,4,NA,3,3,1,3,4,3,4,3,5,3,4,4,2,4,5,4
168,21,female,hazel,3,2,NA,3,3,3,1,2,3,5,4,3,3,4,4,4,2,3,NA,6
169,17,male,blue,4,NA,4,4,2,4,1,3,5,5,5,3,5,5,3,5,2,4,6,6
170,19,female,brown,3,2,4,4,3,3,NA,3,4,4,4,3,5,5,4,4,3,4,5,5
171,23,male,hazel,3,2,NA,3,3,3,1,3,4,NA,4,3,3,4,4,4,2,4,5,3
172,20,female,blue,NA,2,NA,4,2,4,1,3,NA,4,3,3,3,5,3,5,2,4,3,5
173,19,male,brown,4,3,4,4,2,4,1,3,5,5,5,4,5,5,3,5,2,4,6,6
174,18,female,hazel,4,2,NA,4,2,4,1,NA,5,5,5,3,3,5,3,5,2,3,6,6
175,23,male,blue,3,2,5,4,NA,3,2,3,5,5,4,3,6,5,3,4,3,4,6,6
176,20,female,brown,3,2,4,4,2,3,1,2,4,4,4,3,NA,5,3,4,2,3,5,5
177,19,male,hazel,3,2,4,4,2,4,1,3,NA,5,4,3,5,5,3,5,2,4,3,6
178,21,female,blue,3,2,4,4,2,4,2,3,5,5,4,3,5,5,3,5,3,4,6,6
179,21,male,brown,3,2,4,4,2,4,2,NA,4,5,4,3,5,5,3,5,3,3,5,6
180,21,female,hazel,4,3,4,4,2,4,1,3,5,4,5,4,5,5,3,5,2,4,6,5
181,23,male,blue,3,2,4,3,3,NA,2,3,5,4,4,3,5,4,4,3,3,4,6,5
182,20,female,brown,3,3,4,4,2,NA,2,3,5,5,4,4,5,5,3,3,3,4,6,6
183,24,male,hazel,5,3,5,4,2,4,1,3,5,5,6,4,6,5,3,5,2,4,6,6
184,23,female,blue,4,2,4,4,2,NA,1,3,5,5,5,3,5,5,3,3,2,4,6,6
185,19,male,brown,3,2,4,4,NA,4,2,3,4,3,4,3,5,5,3,5,3,4,5,4
186,18,female,hazel,3,3,4,NA,3,4,3,2,4,4,4,4,5,3,4,5,4,3,5,5
187,18,male,blue,3,3,4,3,2,NA,1,3,5,4,4,4,5,4,3,3,2,4,6,5
188,20,female,brown,4,2,4,4,2,3,1,3,5,5,5,3,5,5,3,4,2,4,6,6
189,20,male,hazel,3,3,4,3,NA,3,2,3,4,5,4,4,5,4,3,4,3,4,5,6
190,23,female,blue,3,2,3,3,3,3,3,NA,3,3,4,3,4,4,NA,4,4,3,4,4
191,24,male,brown,4,3,4,3,3,3,1,3,3,5,5,4,5,4,4,4,2,4,4,6
192,20,female,hazel,3,2,4,4,2,4,1,3,5,5,4,3,5,5,3,5,2,4,6,6
193,17,male,blue,3,NA,4,4,3,3,1,3,NA,5,4,3,5,5,4,4,2,4,3,6
194,20,female,brown,3,2,4,3,3,3,2,2,3,4,4,3,5,4,4,4,3,3,4,5
195,18,male,hazel,3,2,4,3,3,NA,2,3,3,4,4,3,5,4,4,3,3,4,4,5
196,23,female,blue,3,2,4,3,2,3,2,3,5,4,4,3,5,4,3,4,3,4,6,5
197,20,male,brown,3,2,NA,3,2,3,2,NA,4,4,4,3,3,4,3,4,3,3,5,5
198,18,female,hazel,3,2,NA,3,2,3,2,2,NA,4,4,3,3,4,3,4,3,3,3,5
199,18,male,blue,3,2,4,3,2,4,1,3,4,4,4,3,5,4,3,5,2,4,5,5
200,23,female,brown,4,2,3,3,2,3,2,2,3,5,5,3,NA,4,3,4,3,3,4,6
201,20,male,hazel,3,3,4,3,2,NA,2,3,3,5,4,4,5,4,3,3,3,4,4,6
202,20,female,blue,3,2,4,3,3,3,3,2,3,3,4,3,5,4,4,4,4,3,4,4
203,17,male,brown,3,2,4,3,2,3,2,NA,4,4,4,3,5,4,3,4,3,3,5,5
204,17,female,hazel,4,3,5,4,2,3,1,3,5,5,5,4,6,5,3,4,2,4,NA,6
205,23,male,blue,4,2,4,4,2,4,1,3,5,NA,5,3,5,5,3,5,2,4,6,3
206,18,female,brown,4,3,4,4,2,4,1,3,NA,5,5,4,5,5,3,5,2,4,3,6
207,22,male,hazel,3,3,4,4,NA,3,2,3,4,NA,4,4,5,5,3,4,3,4,5,3
208,23,female,blue,4,2,4,3,2,3,2,NA,4,5,5,3,5,4,3,4,3,3,5,6
209,24,male,brown,3,2,4,3,3,3,2,2,3,3,4,3,5,4,4,4,3,3,4,4
210,20,female,hazel,3,2,4,4,2,3,1,3,4,4,4,3,5,5,3,4,2,4,5,5
211,18,male,blue,3,2,4,4,3,3,NA,3,5,4,4,3,5,5,4,4,3,4,6,5
212,17,female,brown,3,NA,4,3,3,3,2,3,4,4,4,3,5,4,4,4,3,4,5,5
213,21,male,hazel,3,3,4,3,2,3,NA,3,4,5,4,4,5,4,3,4,3,4,5,6
214,21,female,blue,3,2,4,3,3,3,2,NA,NA,4,4,3,5,4,4,4,3,3,3,5
215,24,male,brown,3,NA,4,3,NA,3,1,3,5,4,4,3,5,4,3,4,2,4,6,5
216,19,female,hazel,3,3,4,4,2,NA,1,3,NA,5,4,4,5,5,3,3,2,4,3,6
217,18,male,blue,4,3,5,4,2,4,1,NA,5,NA,5,4,6,NA,3,5,2,3,6,3
218,20,female,brown,4,3,4,4,2,4,1,3,5,5,5,4,5,5,3,5,2,4,6,6
219,20,male,hazel,4,2,4,4,2,3,1,3,5,5,5,3,5,5,3,4,2,4,6,6
220,21,female,blue,4,3,4,4,2,3,1,3,4,4,5,4,5,5,3,4,2,4,5,5
221,19,male,brown,3,NA,4,3,3,3,2,2,4,5,4,3,5,4,4,4,3,3,5,6
222,21,female,hazel,3,2,4,3,3,3,NA,3,4,NA,4,3,5,4,4,4,3,4,5,3
223,23,male,blue,3,2,4,3,NA,NA,1,NA,3,5,4,3,5,4,3,3,2,3,4,6
224,18,female,brown,4,2,4,4,NA,4,1,3,4,5,5,3,5,5,3,5,2,4,5,6
225,20,male,hazel,5,3,4,4,2,3,1,3,5,5,6,4,5,5,3,4,2,4,6,NA
226,24,female,blue,3,2,4,3,3,3,NA,2,3,4,4,3,5,4,4,4,3,3,4,5
227,23,male,brown,4,2,4,3,2,3,2,3,4,4,5,3,5,4,3,4,3,4,5,5
228,22,female,hazel,5,2,4,3,2,4,NA,3,4,5,6,3,5,4,3,5,3,4,5,6
229,17,male,blue,NA,3,4,3,2,4,1,3,5,5,3,4,5,4,3,5,2,4,6,6
230,22,female,brown,3,2,4,3,2,4,2,3,4,5,4,3,5,4,3,5,3,4,5,6
231,24,male,hazel,3,3,5,4,2,4,1,3,5,5,4,4,6,5,3,5,2,4,6,6
232,21,female,blue,4,3,4,4,2,4,NA,3,5,NA,5,4,5,5,3,5,3,4,6,3
233,24,male,brown,3,NA,4,3,NA,3,NA,NA,5,5,4,3,5,4,3,4,3,3,6,6
234,18,female,hazel,3,2,4,4,3,3,1,3,5,5,4,3,5,5,4,4,2,4,6,6
235,19,male,blue,3,NA,4,3,3,3,3,NA,4,4,4,3,5,4,4,4,4,3,5,5
236,22,female,brown,3,2,4,3,3,3,2,3,4,5,4,3,5,4,4,4,3,4,5,6
237,22,male,hazel,3,2,4,3,2,3,1,3,NA,4,4,3,5,4,3,4,2,4,3,5
238,20,female,blue,3,2,4,3,3,3,2,2,NA,4,4,3,5,NA,4,4,3,3,3,5
239,21,male,brown,3,2,NA,4,2,3,1,3,4,3,4,3,3,5,3,4,2,4,5,4
240,21,female,hazel,4,3,4,4,2,3,2,3,5,NA,5,4,5,5,3,4,3,4,6,3
241,23,male,blue,4,2,4,3,2,3,1,NA,4,5,5,3,5,4,3,4,2,3,5,6
242,22,female,brown,3,NA,4,3,2,4,1,3,4,5,4,3,5,4,3,5,2,4,5,6
243,23,male,hazel,3,NA,4,3,NA,3,1,2,3,4,4,3,5,4,3,4,2,3,4,5
244,24,female,blue,4,2,4,3,2,3,1,3,4,5,5,3,5,4,3,4,2,4,5,6
245,20,male,brown,4,NA,4,NA,NA,4,1,3,4,5,5,3,5,3,3,5,2,4,5,6
246,20,female,hazel,3,2,4,3,3,3,2,2,4,5,4,3,5,4,4,4,3,3,5,6
247,21,male,blue,3,3,4,3,3,3,1,3,5,5,4,4,5,4,4,4,2,4,6,6
248,23,female,brown,4,3,4,4,2,3,1,3,5,5,5,4,5,5,3,4,2,4,6,6
249,24,male,hazel,3,2,4,4,2,4,1,3,4,5,4,3,5,5,3,5,2,4,5,6
250,18,female,blue,4,3,4,4,2,3,1,3,NA,5,5,4,5,5,3,4,2,4,3,6
251,19,male,brown,3,2,4,3,2,3,2,3,3,4,4,3,5,4,3,4,3,4,4,5
252,18,female,hazel,3,2,5,4,2,3,2,3,NA,5,4,3,6,5,3,4,3,4,3,6
253,18,male,blue,3,3,4,3,2,4,2,3,4,5,4,4,5,4,3,5,3,4,5,6
254,23,female,brown,NA,2,4,3,3,NA,NA,2,NA,NA,3,3,5,4,4,3,3,3,3,3
255,18,male,hazel,5,3,5,4,2,5,1,3,5,5,6,4,6,5,3,6,2,4,6,6
256,21,female,blue,4,2,4,4,NA,4,1,3,5,5,5,3,5,5,3,5,2,4,6,6
257,20,male,brown,4,2,5,4,2,3,1,3,4,4,5,3,6,5,3,4,2,4,5,5
258,21,female,hazel,4,NA,NA,4,2,3,1,3,NA,NA,5,3,3,5,3,4,2,4,3,3
259,19,male,blue,NA,2,4,3,2,3,1,3,5,4,3,NA,5,4,3,4,2,4,6,5
260,21,female,brown,3,2,4,3,3,3,2,2,4,5,4,3,5,4,4,4,3,3,5,6
261,20,male,hazel,4,2,4,3,2,3,1,3,4,5,5,3,5,4,3,4,2,4,5,6
262,21,female,blue,3,2,4,3,2,3,2,2,4,4,4,3,5,4,3,4,3,3,5,5
263,23,male,brown,NA,NA,4,3,2,3,1,3,4,5,3,3,5,4,3,4,2,4,5,6
264,17,female,hazel,3,2,3,3,2,3,2,NA,NA,4,4,3,4,4,3,4,3,3,3,5
265,22,male,blue,3,2,4,4,2,3,1,3,4,5,4,3,5,5,3,4,2,NA,5,6
266,21,female,brown,NA,NA,4,4,2,4,1,3,5,5,3,3,5,5,3,5,2,4,6,6
267,20,male,hazel,3,2,4,3,3,3,NA,3,4,4,4,3,5,4,4,4,3,4,5,5
268,23,female,blue,4,2,4,4,NA,3,1,3,5,NA,5,3,5,5,3,4,2,4,6,3
269,24,male,brown,3,2,4,4,2,3,NA,NA,4,5,4,3,5,5,3,4,3,3,5,6
270,22,female,hazel,4,2,4,4,2,3,2,3,4,5,5,3,5,5,3,4,3,4,5,6
271,20,male,blue,3,3,4,3,2,3,2,3,5,5,4,4,5,4,3,4,3,4,6,6
272,18,female,brown,4,2,4,4,2,3,2,3,5,5,5,3,5,5,3,4,3,4,6,6
273,23,male,hazel,4,2,4,4,2,3,1,3,5,5,5,3,5,5,3,4,2,4,6,6
274,22,female,blue,3,2,3,4,2,3,NA,2,3,3,4,3,4,5,3,4,3,3,4,4
275,22,male,brown,3,2,4,4,2,3,1,NA,5,5,4,3,5,5,3,4,2,3,6,6
276,24,female,hazel,3,2,4,4,3,3,1,3,4,5,4,3,5,5,4,4,2,4,5,6
277,22,male,blue,3,2,4,3,3,NA,2,2,4,3,4,3,5,4,4,3,3,3,5,4
278,24,female,brown,4,NA,4,3,2,3,1,3,4,5,5,3,5,4,3,4,2,4,5,6
279,24,male,hazel,3,2,4,4,2,3,NA,3,4,4,4,3,5,5,3,4,3,4,5,5
280,18,female,blue,3,2,4,4,3,3,2,3,4,3,4,3,5,5,4,4,3,4,5,4
281,19,male,brown,NA,NA,4,3,2,3,1,3,4,4,3,3,NA,4,3,4,2,4,5,5
282,22,female,hazel,4,NA,4,4,3,3,1,NA,5,4,5,3,5,5,4,NA,2,3,6,5
283,22,male,blue,4,3,4,4,2,3,1,NA,NA,5,5,4,5,5,3,4,2,3,3,6
284,19,female,brown,4,NA,4,4,2,NA,2,3,4,5,5,3,5,5,3,3,3,4,5,6
285,19,male,hazel,3,2,4,4,2,3,1,3,5,5,4,3,5,5,3,4,2,4,6,6
286,20,female,blue,3,2,4,4,2,4,1,3,5,5,4,3,5,5,3,5,2,4,6,6
287,21,male,brown,4,3,4,3,3,3,2,3,5,5,5,4,5,4,4,4,3,4,6,6
288,19,female,hazel,4,2,NA,4,2,4,2,3,NA,5,5,3,3,5,3,5,3,4,3,6
289,21,male,blue,NA,3,4,4,2,4,NA,NA,5,5,3,4,5,5,3,5,3,3,6,6
290,18,female,brown,3,2,3,3,3,3,3,2,3,4,4,3,4,4,4,4,4,3,4,5
291,18,male,hazel,4,3,4,4,2,4,2,3,NA,5,NA,4,5,5,3,5,3,4,3,6
292,22,female,blue,3,2,4,4,3,3,2,3,3,3,4,3,5,5,4,4,3,4,4,4
293,23,male,brown,3,3,4,3,2,3,1,3,4,5,4,4,5,4,3,4,2,4,5,6
294,22,female,hazel,4,3,4,4,NA,3,2,3,4,5,5,4,5,5,3,4,3,4,5,6
295,18,male,blue,3,2,4,NA,2,3,2,3,4,4,4,3,5,3,3,4,3,4,5,5
296,18,female,brown,4,2,4,4,NA,4,1,3,5,5,5,3,5,5,3,5,2,4,6,6
297,24,male,hazel,3,2,4,3,NA,3,NA,NA,5,4,4,3,5,4,3,4,3,3,6,5
298,17,female,blue,4,2,4,4,2,3,1,3,5,5,5,3,5,5,3,4,2,4,6,6
299,19,male,brown,4,2,4,3,2,4,1,3,4,4,5,3,5,4,3,5,2,NA,5,5
300,18,female,hazel,3,2,4,3,NA,3,1,3,4,4,4,3,5,4,3,4,2,4,5,5